year,flux
1968.073597,0.00100007
1972.044199,0.003951049
1974.111386,0.03884205
1980.058595,0.059371476
1983.071221,0.11371414
1987.041014,0.385816237
1989.026517,0.796618785
1992.038133,1.261368904
1995.05076,2.415898826
1997.995046,11.98147446
1999.02399,15.65445414
2000.055764,34.84750746
