flux,eff1,eff2
10,3.819354504,5.092472672
20,5.085973665,6.781298219
30,5.961883527,7.949178035
40,6.643980854,8.858641139
50,7.206654838,9.608873117
60,7.687221756,10.24962901
