year,ler
1850,0.058139535
1855,0.078644669
1855,0.049982606
1855,0.057262989
1880,0.15877693
1880,0.249826093
1890,0.591089906
1916,0.868913166
