year,ler
1949.784483,65.90185478
1970.043103,70.53833379
2001.939655,90.509239
