year,cpl
2009,142.8626667
2010,59.841
2012,20.492
2013,17.331
2014,12.6985
2015,10.7
2016,8.77763314
2017,7.364864586
2018,6.430422692
2019,5.750283208
2020,5.308096028
