cri,eff,cct,label
83.10020625,291.3922514,5679.755813,YAG:Ce$^{3+}$
