cri,eff,cct,label
89.60700039,305.517417,2886.091161,YGAG
