cri,eff,cct,label
90.21233055,286.2526268,3216.169983,258
