cri,eff,cct,label
82.57882807,322.18252,2911.055923,SLA
97.03849313,334.5594584,2923.725665,PFS
