cri,eff,cct,label
91.71504544,296.9998187,2844.091094,QD
90.58753105,340.5067852,2660.031766,SALON
91.72437373,312.4276573,3137.529016,QD
