cri,eff,cct,label
75.82143638,292.745984,6115.390533,F1(Standard)
90.18083761,254.0727118,6349.352962,F7(Broadband)
80.95811508,325.1661392,4863.726401,F10(Narrowband)
