cri,eff,cct,label
90.58753105,340.5067852,2660.031766,SALON
