index,label,position
1,53.00,53.00
2,110.00,148
3,0.34,95
4,2.00,95.34318913
5,,97.34669354
6,1.24,97.34669354
7,5.21,98.59069208
8,,103.7995486
9,1.00,103.7995486
10,1.05,104.8043301
11,1.72,105.856099
12,,107.5783345
13,4.02,107.5783345
14,,111.5981632
15,18.19,111.5981632
16,13.62,129.7918077
17,9.45,143.4161684
18,11.18,152.8637062
19,179.04,179.04
