year,data
1984.144031,34.17822807
1988.158614,46.16848533
1993.254203,48.10305347
1996.197196,51.1617243
1999.223397,56.11971446
2002.220498,55.57117087
2004.266344,55.01593772
2008.301922,57.13292491
2011.244915,60.19159574
