year,cpl
2014,13.28740054
2015,10.54484113
2016,8.77763314
2017,7.364864586
2018,6.430422692
2019,5.750283208
2020,5.308096028
