cri,eff,label,year
97.03849313,334.5594584,PFS,2015
91.71504544,296.9998187,QD,2017
90.58753105,340.5067852,SALON,2019
91.72437373,312.4276573,QD,2019
